{"cameraMode":{"drawMode":0,"name":"Shaded","section":"Shading Mode"},"sceneLighting":true,"audioPlay":false,"sceneViewState":{"showFog":true,"showMaterialUpdate":false,"showSkybox":true,"showFlares":true,"showImageEffects":true,"showParticleSystems":true},"in2DMode":false,"pivot":{"x":-1.1338534355163575,"y":-1.4902300834655762,"z":-0.13176250457763673},"rotation":{"x":-0.23708002269268037,"y":0.5514447093009949,"z":-0.16714972257614137,"w":-0.782152533531189},"size":5.969780921936035,"orthographic":false}